{"classification": "general election", "name": "United States House of Representatives elections, 1900", "end_date": "1900", "identifiers": [{"scheme": "wikidata", "identifier": "Q4450263"}], "id": "Q4450263", "start_date": "1900"}
{"classification": "general election", "name": "United States House of Representatives elections, 1902", "end_date": "1902", "identifiers": [{"scheme": "wikidata", "identifier": "Q4450540"}], "id": "Q4450540", "start_date": "1902"}
{"classification": "general election", "name": "United States House of Representatives elections, 1904", "end_date": "1904", "identifiers": [{"scheme": "wikidata", "identifier": "Q4450706"}], "id": "Q4450706", "start_date": "1904"}
{"classification": "general election", "name": "United States House of Representatives elections, 1906", "end_date": "1906", "identifiers": [{"scheme": "wikidata", "identifier": "Q4450517"}], "id": "Q4450517", "start_date": "1906"}
{"classification": "general election", "name": "United States House of Representatives elections, 1908", "end_date": "1908", "identifiers": [{"scheme": "wikidata", "identifier": "Q4450304"}], "id": "Q4450304", "start_date": "1908"}
{"classification": "general election", "name": "United States House of Representatives elections, 1910", "end_date": "1910", "identifiers": [{"scheme": "wikidata", "identifier": "Q4450180"}], "id": "Q4450180", "start_date": "1910"}
{"classification": "general election", "name": "United States House of Representatives elections, 1912", "end_date": "1912", "identifiers": [{"scheme": "wikidata", "identifier": "Q4450640"}], "id": "Q4450640", "start_date": "1912"}
{"classification": "general election", "name": "United States House of Representatives elections, 1914", "end_date": "1914", "identifiers": [{"scheme": "wikidata", "identifier": "Q4450451"}], "id": "Q4450451", "start_date": "1914"}
{"classification": "general election", "name": "United States House of Representatives elections, 1916", "end_date": "1916", "identifiers": [{"scheme": "wikidata", "identifier": "Q4450643"}], "id": "Q4450643", "start_date": "1916"}
{"classification": "general election", "name": "United States House of Representatives elections, 1918", "end_date": "1918", "identifiers": [{"scheme": "wikidata", "identifier": "Q4450172"}], "id": "Q4450172", "start_date": "1918"}
{"classification": "general election", "name": "United States House of Representatives elections, 1920", "end_date": "1920", "identifiers": [{"scheme": "wikidata", "identifier": "Q4450315"}], "id": "Q4450315", "start_date": "1920"}
{"classification": "general election", "name": "United States House of Representatives elections, 1922", "end_date": "1922", "identifiers": [{"scheme": "wikidata", "identifier": "Q4450298"}], "id": "Q4450298", "start_date": "1922"}
{"classification": "general election", "name": "United States House of Representatives elections, 1924", "end_date": "1924", "identifiers": [{"scheme": "wikidata", "identifier": "Q5511422"}], "id": "Q5511422", "start_date": "1924"}
{"classification": "general election", "name": "United States House of Representatives elections, 1926", "end_date": "1926", "identifiers": [{"scheme": "wikidata", "identifier": "Q4450404"}], "id": "Q4450404", "start_date": "1926"}
{"classification": "general election", "name": "United States House of Representatives elections, 1928", "end_date": "1928", "identifiers": [{"scheme": "wikidata", "identifier": "Q4450556"}], "id": "Q4450556", "start_date": "1928"}
{"classification": "general election", "name": "United States House of Representatives elections, 1930", "end_date": "1930", "identifiers": [{"scheme": "wikidata", "identifier": "Q4450636"}], "id": "Q4450636", "start_date": "1930"}
{"classification": "general election", "name": "1932 United States House of Representatives elections", "end_date": "1932", "identifiers": [{"scheme": "wikidata", "identifier": "Q174980"}], "id": "Q174980", "start_date": "1932"}
{"classification": "general election", "name": "United States House of Representatives elections, 1934", "end_date": "1934", "identifiers": [{"scheme": "wikidata", "identifier": "Q4450420"}], "id": "Q4450420", "start_date": "1934"}
{"classification": "general election", "name": "United States House of Representatives elections, 1936", "end_date": "1936", "identifiers": [{"scheme": "wikidata", "identifier": "Q4450288"}], "id": "Q4450288", "start_date": "1936"}
{"classification": "general election", "name": "United States House of Representatives elections, 1938", "end_date": "1938", "identifiers": [{"scheme": "wikidata", "identifier": "Q4450437"}], "id": "Q4450437", "start_date": "1938"}
{"classification": "general election", "name": "United States House of Representatives elections, 1940", "end_date": "1940", "identifiers": [{"scheme": "wikidata", "identifier": "Q5511442"}], "id": "Q5511442", "start_date": "1940"}
{"classification": "general election", "name": "United States House of Representatives elections, 1942", "end_date": "1942", "identifiers": [{"scheme": "wikidata", "identifier": "Q5511446"}], "id": "Q5511446", "start_date": "1942"}
{"classification": "general election", "name": "United States House of Representatives elections, 1944", "end_date": "1944", "identifiers": [{"scheme": "wikidata", "identifier": "Q4450522"}], "id": "Q4450522", "start_date": "1944"}
{"classification": "general election", "name": "United States House of Representatives elections, 1946", "end_date": "1946", "identifiers": [{"scheme": "wikidata", "identifier": "Q4450698"}], "id": "Q4450698", "start_date": "1946"}
{"classification": "general election", "name": "United States House of Representatives elections, 1948", "end_date": "1948", "identifiers": [{"scheme": "wikidata", "identifier": "Q5511451"}], "id": "Q5511451", "start_date": "1948"}
{"classification": "general election", "name": "United States House of Representatives elections, 1950", "end_date": "1950", "identifiers": [{"scheme": "wikidata", "identifier": "Q4450602"}], "id": "Q4450602", "start_date": "1950"}
{"classification": "general election", "name": "United States House of Representatives elections, 1952", "end_date": "1952", "identifiers": [{"scheme": "wikidata", "identifier": "Q4450610"}], "id": "Q4450610", "start_date": "1952"}
{"classification": "general election", "name": "United States House of Representatives elections, 1954", "end_date": "1954", "identifiers": [{"scheme": "wikidata", "identifier": "Q1297879"}], "id": "Q1297879", "start_date": "1954"}
{"classification": "general election", "name": "United States House of Representatives elections, 1956", "end_date": "1956", "identifiers": [{"scheme": "wikidata", "identifier": "Q4450433"}], "id": "Q4450433", "start_date": "1956"}
{"classification": "general election", "name": "United States House of Representatives elections, 1958", "end_date": "1958", "identifiers": [{"scheme": "wikidata", "identifier": "Q4450647"}], "id": "Q4450647", "start_date": "1958"}
{"classification": "general election", "name": "United States House of Representatives elections, 1960", "end_date": "1960-11-08", "identifiers": [{"scheme": "wikidata", "identifier": "Q4450690"}], "id": "Q4450690", "start_date": "1960-11-08"}
{"classification": "general election", "name": "United States House of Representatives elections, 1962", "end_date": "1962-11-06", "identifiers": [{"scheme": "wikidata", "identifier": "Q4450683"}], "id": "Q4450683", "start_date": "1962-11-06"}
{"classification": "general election", "name": "United States House of Representatives elections, 1964", "end_date": "1964-11-03", "identifiers": [{"scheme": "wikidata", "identifier": "Q4450676"}], "id": "Q4450676", "start_date": "1964-11-03"}
{"classification": "general election", "name": "United States House of Representatives elections, 1966", "end_date": "1966-11-08", "identifiers": [{"scheme": "wikidata", "identifier": "Q4450487"}], "id": "Q4450487", "start_date": "1966-11-08"}
{"classification": "general election", "name": "United States House of Representatives elections, 1968", "end_date": "1968-11-05", "identifiers": [{"scheme": "wikidata", "identifier": "Q4450653"}], "id": "Q4450653", "start_date": "1968-11-05"}
{"classification": "general election", "name": "United States House of Representatives elections, 1970", "end_date": "1970-11-03", "identifiers": [{"scheme": "wikidata", "identifier": "Q4450617"}], "id": "Q4450617", "start_date": "1970-11-03"}
{"classification": "general election", "name": "United States House of Representatives elections, 1972", "end_date": "1972-11-07", "identifiers": [{"scheme": "wikidata", "identifier": "Q4450417"}], "id": "Q4450417", "start_date": "1972-11-07"}
{"classification": "general election", "name": "United States House of Representatives elections, 1974", "end_date": "1974-11-04", "identifiers": [{"scheme": "wikidata", "identifier": "Q10854302"}], "id": "Q10854302", "start_date": "1974-11-04"}
{"classification": "general election", "name": "United States House of Representatives elections, 1976", "end_date": "1976-11-02", "identifiers": [{"scheme": "wikidata", "identifier": "Q5511488"}], "id": "Q5511488", "start_date": "1976-11-02"}
{"classification": "general election", "name": "United States House of Representatives elections, 1978", "end_date": "1978-11-07", "identifiers": [{"scheme": "wikidata", "identifier": "Q4450587"}], "id": "Q4450587", "start_date": "1978-11-07"}
{"classification": "general election", "name": "United States House of Representatives elections, 1980", "end_date": "1980-11-04", "identifiers": [{"scheme": "wikidata", "identifier": "Q4450322"}], "id": "Q4450322", "start_date": "1980-11-04"}
{"classification": "legislative period", "name": "97th Congress", "end_date": "1983-01-03", "identifiers": [{"scheme": "wikidata", "identifier": "Q4646187"}], "start_date": "1981-01-06", "organization_id": "d56acebe-8fdc-47bc-8b53-20170a3214bc", "id": "term/97"}
{"classification": "general election", "name": "United States House of Representatives elections, 1982", "end_date": "1982-11-02", "identifiers": [{"scheme": "wikidata", "identifier": "Q7890191"}], "id": "Q7890191", "start_date": "1982-11-02"}
{"classification": "legislative period", "name": "98th Congress", "end_date": "1983-01-03", "identifiers": [{"scheme": "wikidata", "identifier": "Q4646254"}], "start_date": "1983-01-06", "organization_id": "d56acebe-8fdc-47bc-8b53-20170a3214bc", "id": "term/98"}
{"classification": "general election", "name": "United States House of Representatives elections, 1984", "end_date": "1984-11-06", "identifiers": [{"scheme": "wikidata", "identifier": "Q7890193"}], "id": "Q7890193", "start_date": "1984-11-06"}
{"classification": "legislative period", "name": "99th Congress", "end_date": "1987-01-03", "identifiers": [{"scheme": "wikidata", "identifier": "Q4646349"}], "start_date": "1985-01-06", "organization_id": "d56acebe-8fdc-47bc-8b53-20170a3214bc", "id": "term/99"}
{"classification": "general election", "name": "United States House of Representatives elections, 1986", "end_date": "1986-11-04", "identifiers": [{"scheme": "wikidata", "identifier": "Q7890194"}], "id": "Q7890194", "start_date": "1986-11-04"}
{"classification": "legislative period", "name": "100th Congress", "end_date": "1989-01-03", "identifiers": [{"scheme": "wikidata", "identifier": "Q4546248"}], "start_date": "1987-01-06", "organization_id": "d56acebe-8fdc-47bc-8b53-20170a3214bc", "id": "term/100"}
{"classification": "general election", "name": "United States House of Representatives elections, 1988", "end_date": "1988-11-08", "identifiers": [{"scheme": "wikidata", "identifier": "Q7890195"}], "id": "Q7890195", "start_date": "1988-11-08"}
{"classification": "legislative period", "name": "101st Congress", "end_date": "1991-01-03", "identifiers": [{"scheme": "wikidata", "identifier": "Q4546373"}], "start_date": "1989-01-06", "organization_id": "d56acebe-8fdc-47bc-8b53-20170a3214bc", "id": "term/101"}
{"classification": "general election", "name": "United States House of Representatives elections, 1990", "end_date": "1990-11-06", "identifiers": [{"scheme": "wikidata", "identifier": "Q13256362"}], "id": "Q13256362", "start_date": "1990-11-06"}
{"classification": "legislative period", "name": "102nd Congress", "end_date": "1993-01-03", "identifiers": [{"scheme": "wikidata", "identifier": "Q347346"}], "start_date": "1991-01-06", "organization_id": "d56acebe-8fdc-47bc-8b53-20170a3214bc", "id": "term/102"}
{"classification": "general election", "name": "United States House of Representatives elections, 1992", "end_date": "1992-11-03", "identifiers": [{"scheme": "wikidata", "identifier": "Q2539365"}], "id": "Q2539365", "start_date": "1992-11-03"}
{"classification": "legislative period", "name": "103rd Congress", "end_date": "1995-01-03", "identifiers": [{"scheme": "wikidata", "identifier": "Q3556780"}], "start_date": "1993-01-06", "organization_id": "d56acebe-8fdc-47bc-8b53-20170a3214bc", "id": "term/103"}
{"classification": "general election", "name": "United States House of Representatives elections, 1994", "end_date": "1994-11-08", "identifiers": [{"scheme": "wikidata", "identifier": "Q1771218"}], "id": "Q1771218", "start_date": "1994-11-08"}
{"classification": "legislative period", "name": "104th Congress", "end_date": "1997-01-03", "identifiers": [{"scheme": "wikidata", "identifier": "Q3596857"}], "start_date": "1995-01-06", "organization_id": "d56acebe-8fdc-47bc-8b53-20170a3214bc", "id": "term/104"}
{"classification": "general election", "name": "United States House of Representatives elections, 1996", "end_date": "1996-11-05", "identifiers": [{"scheme": "wikidata", "identifier": "Q1756799"}], "id": "Q1756799", "start_date": "1996-11-05"}
{"classification": "legislative period", "name": "105th Congress", "end_date": "1999-01-03", "identifiers": [{"scheme": "wikidata", "identifier": "Q3596884"}], "start_date": "1997-01-06", "organization_id": "d56acebe-8fdc-47bc-8b53-20170a3214bc", "id": "term/105"}
{"classification": "general election", "name": "United States House of Representatives elections, 1998", "end_date": "1998-11-03", "identifiers": [{"scheme": "wikidata", "identifier": "Q923029"}], "id": "Q923029", "start_date": "1998-11-03"}
{"classification": "legislative period", "name": "106th Congress", "end_date": "2001-01-03", "identifiers": [{"scheme": "wikidata", "identifier": "Q3596897"}], "start_date": "1999-01-06", "organization_id": "d56acebe-8fdc-47bc-8b53-20170a3214bc", "id": "term/106"}
{"classification": "general election", "name": "United States House of Representatives elections, 2000", "end_date": "2000-11-07", "identifiers": [{"scheme": "wikidata", "identifier": "Q2539372"}], "id": "Q2539372", "start_date": "2000-11-07"}
{"classification": "legislative period", "name": "107th Congress", "end_date": "2003-01-03", "identifiers": [{"scheme": "wikidata", "identifier": "Q2057259"}], "start_date": "2001-01-06", "organization_id": "d56acebe-8fdc-47bc-8b53-20170a3214bc", "id": "term/107"}
{"classification": "general election", "name": "United States House of Representatives elections, 2002", "end_date": "2002-11-05", "identifiers": [{"scheme": "wikidata", "identifier": "Q142759"}], "id": "Q142759", "start_date": "2002-11-05"}
{"classification": "legislative period", "name": "108th Congress", "end_date": "2005-01-03", "identifiers": [{"scheme": "wikidata", "identifier": "Q168504"}], "start_date": "2003-01-06", "organization_id": "d56acebe-8fdc-47bc-8b53-20170a3214bc", "id": "term/108"}
{"classification": "general election", "name": "United States House of Representatives elections, 2004", "end_date": "2004-11-02", "identifiers": [{"scheme": "wikidata", "identifier": "Q2539374"}], "id": "Q2539374", "start_date": "2004-11-02"}
{"classification": "legislative period", "name": "109th Congress", "end_date": "2007-01-03", "identifiers": [{"scheme": "wikidata", "identifier": "Q168778"}], "start_date": "2005-01-06", "organization_id": "d56acebe-8fdc-47bc-8b53-20170a3214bc", "id": "term/109"}
{"classification": "general election", "name": "United States House of Representatives elections, 2006", "end_date": "2006-11-07", "identifiers": [{"scheme": "wikidata", "identifier": "Q696166"}], "id": "Q696166", "start_date": "2006-11-07"}
{"classification": "legislative period", "name": "110th Congress", "end_date": "2009-01-03", "identifiers": [{"scheme": "wikidata", "identifier": "Q170018"}], "start_date": "2007-01-06", "organization_id": "d56acebe-8fdc-47bc-8b53-20170a3214bc", "id": "term/110"}
{"classification": "general election", "name": "United States House of Representatives elections, 2008", "end_date": "2008-11-04", "identifiers": [{"scheme": "wikidata", "identifier": "Q1190410"}], "id": "Q1190410", "start_date": "2008-11-04"}
{"classification": "legislative period", "name": "111th Congress", "end_date": "2011-01-03", "identifiers": [{"scheme": "wikidata", "identifier": "Q170375"}], "start_date": "2009-01-06", "organization_id": "d56acebe-8fdc-47bc-8b53-20170a3214bc", "id": "term/111"}
{"classification": "general election", "name": "United States House of Representatives elections, 2010", "end_date": "2010-11-02", "identifiers": [{"scheme": "wikidata", "identifier": "Q1472632"}], "id": "Q1472632", "start_date": "2010-11-02"}
{"classification": "legislative period", "name": "112th Congress", "end_date": "2013-01-03", "identifiers": [{"scheme": "wikidata", "identifier": "Q170447"}], "start_date": "2011-01-06", "organization_id": "d56acebe-8fdc-47bc-8b53-20170a3214bc", "id": "term/112"}
{"classification": "general election", "name": "United States House of Representatives elections, 2012", "end_date": "2012-11-06", "identifiers": [{"scheme": "wikidata", "identifier": "Q3392065"}], "id": "Q3392065", "start_date": "2012-11-06"}
{"classification": "legislative period", "name": "113th Congress", "end_date": "2015-01-03", "identifiers": [{"scheme": "wikidata", "identifier": "Q71871"}], "start_date": "2013-01-06", "organization_id": "d56acebe-8fdc-47bc-8b53-20170a3214bc", "id": "term/113"}
{"classification": "general election", "name": "United States House of Representatives elections, 2014", "end_date": "2014-11-04", "identifiers": [{"scheme": "wikidata", "identifier": "Q7890200"}], "id": "Q7890200", "start_date": "2014-11-04"}
{"classification": "legislative period", "name": "114th Congress", "end_date": "2017-01-03", "identifiers": [{"scheme": "wikidata", "identifier": "Q16146771"}], "start_date": "2015-01-06", "organization_id": "d56acebe-8fdc-47bc-8b53-20170a3214bc", "id": "term/114"}
{"classification": "legislative period", "name": "115th Congress", "end_date": "2019-01-03", "identifiers": [{"scheme": "wikidata", "identifier": "Q18740945"}], "start_date": "2017-01-03", "organization_id": "d56acebe-8fdc-47bc-8b53-20170a3214bc", "id": "term/115"}
{"classification": "general election", "name": "United States Senate elections, 1838", "end_date": "1838-11-12", "identifiers": [{"scheme": "wikidata", "identifier": "Q2496595"}], "id": "Q2496595", "start_date": "1838-11-12"}
{"classification": "general election", "name": "United States Senate elections, 1850", "end_date": "1850-06-12", "identifiers": [{"scheme": "wikidata", "identifier": "Q3883165"}], "id": "Q3883165", "start_date": "1850-06-12"}
{"classification": "general election", "name": "United States Senate elections, 1852", "end_date": "1852-06-12", "identifiers": [{"scheme": "wikidata", "identifier": "Q4163219"}], "id": "Q4163219", "start_date": "1852-06-12"}
{"classification": "general election", "name": "United States Senate elections, 1854", "end_date": "1854-06-12", "identifiers": [{"scheme": "wikidata", "identifier": "Q4302038"}], "id": "Q4302038", "start_date": "1854-06-12"}
{"classification": "general election", "name": "United States Senate elections, 1856", "end_date": "1856-06-12", "identifiers": [{"scheme": "wikidata", "identifier": "Q4347920"}], "id": "Q4347920", "start_date": "1856-06-12"}
{"classification": "general election", "name": "United States Senate elections, 1858", "end_date": "1858-06-12", "identifiers": [{"scheme": "wikidata", "identifier": "Q5510833"}], "id": "Q5510833", "start_date": "1858-06-12"}
{"classification": "general election", "name": "United States Senate elections, 1878", "end_date": "1878-11-11", "identifiers": [{"scheme": "wikidata", "identifier": "Q4347787"}], "id": "Q4347787", "start_date": "1878-11-11"}
{"classification": "general election", "name": "United States Senate elections, 1900", "end_date": "1900-06-11", "identifiers": [{"scheme": "wikidata", "identifier": "Q4348119"}], "id": "Q4348119", "start_date": "1900-06-11"}
{"classification": "general election", "name": "United States Senate elections, 1902", "end_date": "1902-06-11", "identifiers": [{"scheme": "wikidata", "identifier": "Q4348170"}], "id": "Q4348170", "start_date": "1902-06-11"}
{"classification": "general election", "name": "United States Senate elections, 1904", "end_date": "1904-06-11", "identifiers": [{"scheme": "wikidata", "identifier": "Q4347938"}], "id": "Q4347938", "start_date": "1904-06-11"}
{"classification": "general election", "name": "United States Senate elections, 1906", "end_date": "1906-06-11", "identifiers": [{"scheme": "wikidata", "identifier": "Q4347832"}], "id": "Q4347832", "start_date": "1906-06-11"}
{"classification": "general election", "name": "United States Senate elections, 1908", "end_date": "1908-06-11", "identifiers": [{"scheme": "wikidata", "identifier": "Q4348143"}], "id": "Q4348143", "start_date": "1908-06-11"}
{"classification": "general election", "name": "United States Senate elections, 1910", "end_date": "1910-06-11", "identifiers": [{"scheme": "wikidata", "identifier": "Q4348221"}], "id": "Q4348221", "start_date": "1910-06-11"}
{"classification": "general election", "name": "United States Senate elections, 1912", "end_date": "1913", "identifiers": [{"scheme": "wikidata", "identifier": "Q4348227"}], "id": "Q4348227", "start_date": "1912"}
{"classification": "general election", "name": "United States Senate elections, 1914", "end_date": "1914-11-03", "identifiers": [{"scheme": "wikidata", "identifier": "Q5510951"}], "id": "Q5510951", "start_date": "1914-11-03"}
{"classification": "general election", "name": "United States Senate elections, 1916", "end_date": "1916", "identifiers": [{"scheme": "wikidata", "identifier": "Q5510958"}], "id": "Q5510958", "start_date": "1916"}
{"classification": "general election", "name": "United States Senate elections, 1918", "end_date": "1918", "identifiers": [{"scheme": "wikidata", "identifier": "Q4348235"}], "id": "Q4348235", "start_date": "1918"}
{"classification": "general election", "name": "United States Senate elections, 1920", "end_date": "1920-11-02", "identifiers": [{"scheme": "wikidata", "identifier": "Q4347954"}], "id": "Q4347954", "start_date": "1920-11-02"}
{"classification": "general election", "name": "United States Senate elections, 1922", "end_date": "1922", "identifiers": [{"scheme": "wikidata", "identifier": "Q4347963"}], "id": "Q4347963", "start_date": "1922"}
{"classification": "general election", "name": "United States Senate elections, 1924", "end_date": "1924", "identifiers": [{"scheme": "wikidata", "identifier": "Q4347848"}], "id": "Q4347848", "start_date": "1924"}
{"classification": "general election", "name": "United States Senate elections, 1926", "end_date": "1926-11-02", "identifiers": [{"scheme": "wikidata", "identifier": "Q4348025"}], "id": "Q4348025", "start_date": "1926-11-02"}
{"classification": "general election", "name": "United States Senate elections, 1928", "end_date": "1928", "identifiers": [{"scheme": "wikidata", "identifier": "Q5510979"}], "id": "Q5510979", "start_date": "1928"}
{"classification": "general election", "name": "United States Senate elections, 1930", "end_date": "1930", "identifiers": [{"scheme": "wikidata", "identifier": "Q4348068"}], "id": "Q4348068", "start_date": "1930"}
{"classification": "general election", "name": "United States Senate elections, 1932", "end_date": "1932-11-08", "identifiers": [{"scheme": "wikidata", "identifier": "Q3587411"}], "id": "Q3587411", "start_date": "1932-11-08"}
{"classification": "general election", "name": "United States Senate elections, 1934", "end_date": "1934", "identifiers": [{"scheme": "wikidata", "identifier": "Q4347926"}], "id": "Q4347926", "start_date": "1934"}
{"classification": "general election", "name": "United States Senate elections, 1936", "end_date": "1936", "identifiers": [{"scheme": "wikidata", "identifier": "Q4348109"}], "id": "Q4348109", "start_date": "1936"}
{"classification": "general election", "name": "United States Senate elections, 1938", "end_date": "1938-11-08", "identifiers": [{"scheme": "wikidata", "identifier": "Q4348093"}], "id": "Q4348093", "start_date": "1938-11-08"}
{"classification": "general election", "name": "United States Senate elections, 1940", "end_date": "1940", "identifiers": [{"scheme": "wikidata", "identifier": "Q5510993"}], "id": "Q5510993", "start_date": "1940"}
{"classification": "general election", "name": "United States Senate elections, 1942", "end_date": "1942", "identifiers": [{"scheme": "wikidata", "identifier": "Q4348187"}], "id": "Q4348187", "start_date": "1942"}
{"classification": "general election", "name": "United States Senate elections, 1944", "end_date": "1944-11-07", "identifiers": [{"scheme": "wikidata", "identifier": "Q4348193"}], "id": "Q4348193", "start_date": "1944-11-07"}
{"classification": "general election", "name": "United States Senate elections, 1946", "end_date": "1946", "identifiers": [{"scheme": "wikidata", "identifier": "Q4347992"}], "id": "Q4347992", "start_date": "1946"}
{"classification": "general election", "name": "United States Senate elections, 1948", "end_date": "1948", "identifiers": [{"scheme": "wikidata", "identifier": "Q4348006"}], "id": "Q4348006", "start_date": "1948"}
{"classification": "general election", "name": "United States Senate elections, 1950", "end_date": "1950-11-07", "identifiers": [{"scheme": "wikidata", "identifier": "Q4347725"}], "id": "Q4347725", "start_date": "1950-11-07"}
{"classification": "general election", "name": "United States Senate elections, 1952", "end_date": "1952", "identifiers": [{"scheme": "wikidata", "identifier": "Q4348063"}], "id": "Q4348063", "start_date": "1952"}
{"classification": "general election", "name": "United States Senate elections, 1954", "end_date": "1954", "identifiers": [{"scheme": "wikidata", "identifier": "Q4348078"}], "id": "Q4348078", "start_date": "1954"}
{"classification": "general election", "name": "United States Senate elections, 1956", "end_date": "1956-11-06", "identifiers": [{"scheme": "wikidata", "identifier": "Q4347730"}], "id": "Q4347730", "start_date": "1956-11-06"}
{"classification": "general election", "name": "United States Senate elections, 1958", "end_date": "1958", "identifiers": [{"scheme": "wikidata", "identifier": "Q4348088"}], "id": "Q4348088", "start_date": "1958"}
{"classification": "general election", "name": "United States Senate elections, 1960", "end_date": "1960-11-08", "identifiers": [{"scheme": "wikidata", "identifier": "Q4348020"}], "id": "Q4348020", "start_date": "1960-11-08"}
{"classification": "general election", "name": "United States Senate elections, 1962", "end_date": "1962-11-06", "identifiers": [{"scheme": "wikidata", "identifier": "Q4348030"}], "id": "Q4348030", "start_date": "1962-11-06"}
{"classification": "general election", "name": "United States Senate elections, 1964", "end_date": "1964-11-03", "identifiers": [{"scheme": "wikidata", "identifier": "Q4348259"}], "id": "Q4348259", "start_date": "1964-11-03"}
{"classification": "general election", "name": "United States Senate elections, 1966", "end_date": "1966-11-08", "identifiers": [{"scheme": "wikidata", "identifier": "Q4347840"}], "id": "Q4347840", "start_date": "1966-11-08"}
{"classification": "general election", "name": "United States Senate elections, 1968", "end_date": "1968-11-05", "identifiers": [{"scheme": "wikidata", "identifier": "Q5511045"}], "id": "Q5511045", "start_date": "1968-11-05"}
{"classification": "general election", "name": "United States Senate elections, 1970", "end_date": "1970-11-03", "identifiers": [{"scheme": "wikidata", "identifier": "Q4347866"}], "id": "Q4347866", "start_date": "1970-11-03"}
{"classification": "general election", "name": "United States Senate elections, 1972", "end_date": "1972-11-07", "identifiers": [{"scheme": "wikidata", "identifier": "Q4348102"}], "id": "Q4348102", "start_date": "1972-11-07"}
{"classification": "general election", "name": "United States Senate elections, 1974", "end_date": "1974-11-05", "identifiers": [{"scheme": "wikidata", "identifier": "Q4347733"}], "id": "Q4347733", "start_date": "1974-11-05"}
{"classification": "general election", "name": "United States Senate elections, 1976", "end_date": "1976-11-02", "identifiers": [{"scheme": "wikidata", "identifier": "Q4348265"}], "id": "Q4348265", "start_date": "1976-11-02"}
{"classification": "general election", "name": "United States Senate elections, 1978", "end_date": "1978-11-07", "identifiers": [{"scheme": "wikidata", "identifier": "Q4347802"}], "id": "Q4347802", "start_date": "1978-11-07"}
{"classification": "general election", "name": "United States Senate elections, 1980", "end_date": "1980-11-04", "identifiers": [{"scheme": "wikidata", "identifier": "Q4348114"}], "id": "Q4348114", "start_date": "1980-11-04"}
{"classification": "legislative period", "name": "97th Congress", "end_date": "1983-01-03", "identifiers": [{"scheme": "wikidata", "identifier": "Q4646187"}], "start_date": "1981-01-06", "organization_id": "8fa6c3d2-71dc-4788-b9f8-4ca70d5a7d85", "id": "term/97"}
{"classification": "general election", "name": "United States Senate elections, 1982", "end_date": "1982-11-02", "identifiers": [{"scheme": "wikidata", "identifier": "Q4347998"}], "id": "Q4347998", "start_date": "1982-11-02"}
{"classification": "legislative period", "name": "98th Congress", "end_date": "1983-01-03", "identifiers": [{"scheme": "wikidata", "identifier": "Q4646254"}], "start_date": "1983-01-06", "organization_id": "8fa6c3d2-71dc-4788-b9f8-4ca70d5a7d85", "id": "term/98"}
{"classification": "general election", "name": "United States Senate elections, 1984", "end_date": "1984-11-06", "identifiers": [{"scheme": "wikidata", "identifier": "Q4348012"}], "id": "Q4348012", "start_date": "1984-11-06"}
{"classification": "legislative period", "name": "99th Congress", "end_date": "1987-01-03", "identifiers": [{"scheme": "wikidata", "identifier": "Q4646349"}], "start_date": "1985-01-06", "organization_id": "8fa6c3d2-71dc-4788-b9f8-4ca70d5a7d85", "id": "term/99"}
{"classification": "general election", "name": "United States Senate elections, 1986", "end_date": "1986-11-04", "identifiers": [{"scheme": "wikidata", "identifier": "Q4347855"}], "id": "Q4347855", "start_date": "1986-11-04"}
{"classification": "legislative period", "name": "100th Congress", "end_date": "1989-01-03", "identifiers": [{"scheme": "wikidata", "identifier": "Q4546248"}], "start_date": "1987-01-06", "organization_id": "8fa6c3d2-71dc-4788-b9f8-4ca70d5a7d85", "id": "term/100"}
{"classification": "general election", "name": "United States Senate elections, 1988", "end_date": "1988-11-08", "identifiers": [{"scheme": "wikidata", "identifier": "Q4348212"}], "id": "Q4348212", "start_date": "1988-11-08"}
{"classification": "legislative period", "name": "101st Congress", "end_date": "1991-01-03", "identifiers": [{"scheme": "wikidata", "identifier": "Q4546373"}], "start_date": "1989-01-06", "organization_id": "8fa6c3d2-71dc-4788-b9f8-4ca70d5a7d85", "id": "term/101"}
{"classification": "general election", "name": "United States Senate elections, 1990", "end_date": "1990-11-06", "identifiers": [{"scheme": "wikidata", "identifier": "Q4348035"}], "id": "Q4348035", "start_date": "1990-11-06"}
{"classification": "legislative period", "name": "102nd Congress", "end_date": "1993-01-03", "identifiers": [{"scheme": "wikidata", "identifier": "Q347346"}], "start_date": "1991-01-06", "organization_id": "8fa6c3d2-71dc-4788-b9f8-4ca70d5a7d85", "id": "term/102"}
{"classification": "general election", "name": "United States Senate elections, 1992", "end_date": "1992-11-03", "identifiers": [{"scheme": "wikidata", "identifier": "Q4348042"}], "id": "Q4348042", "start_date": "1992-11-03"}
{"classification": "legislative period", "name": "103rd Congress", "end_date": "1995-01-03", "identifiers": [{"scheme": "wikidata", "identifier": "Q3556780"}], "start_date": "1993-01-06", "organization_id": "8fa6c3d2-71dc-4788-b9f8-4ca70d5a7d85", "id": "term/103"}
{"classification": "general election", "name": "United States Senate elections, 1994", "end_date": "1994-11-08", "identifiers": [{"scheme": "wikidata", "identifier": "Q5511103"}], "id": "Q5511103", "start_date": "1994-11-08"}
{"classification": "legislative period", "name": "104th Congress", "end_date": "1997-01-03", "identifiers": [{"scheme": "wikidata", "identifier": "Q3596857"}], "start_date": "1995-01-06", "organization_id": "8fa6c3d2-71dc-4788-b9f8-4ca70d5a7d85", "id": "term/104"}
{"classification": "general election", "name": "United States Senate elections, 1996", "end_date": "1996-11-05", "identifiers": [{"scheme": "wikidata", "identifier": "Q4347795"}], "id": "Q4347795", "start_date": "1996-11-05"}
{"classification": "legislative period", "name": "105th Congress", "end_date": "1999-01-03", "identifiers": [{"scheme": "wikidata", "identifier": "Q3596884"}], "start_date": "1997-01-06", "organization_id": "8fa6c3d2-71dc-4788-b9f8-4ca70d5a7d85", "id": "term/105"}
{"classification": "general election", "name": "United States Senate elections, 1998", "end_date": "1998-11-03", "identifiers": [{"scheme": "wikidata", "identifier": "Q4347740"}], "id": "Q4347740", "start_date": "1998-11-03"}
{"classification": "legislative period", "name": "106th Congress", "end_date": "2001-01-03", "identifiers": [{"scheme": "wikidata", "identifier": "Q3596897"}], "start_date": "1999-01-06", "organization_id": "8fa6c3d2-71dc-4788-b9f8-4ca70d5a7d85", "id": "term/106"}
{"classification": "general election", "name": "United States Senate elections, 2000", "end_date": "2000-11-07", "identifiers": [{"scheme": "wikidata", "identifier": "Q4348272"}], "id": "Q4348272", "start_date": "2000-11-07"}
{"classification": "legislative period", "name": "107th Congress", "end_date": "2003-01-03", "identifiers": [{"scheme": "wikidata", "identifier": "Q2057259"}], "start_date": "2001-01-06", "organization_id": "8fa6c3d2-71dc-4788-b9f8-4ca70d5a7d85", "id": "term/107"}
{"classification": "general election", "name": "United States Senate elections, 2002", "end_date": "2002-11-05", "identifiers": [{"scheme": "wikidata", "identifier": "Q1262340"}], "id": "Q1262340", "start_date": "2002-11-05"}
{"classification": "legislative period", "name": "108th Congress", "end_date": "2005-01-03", "identifiers": [{"scheme": "wikidata", "identifier": "Q168504"}], "start_date": "2003-01-06", "organization_id": "8fa6c3d2-71dc-4788-b9f8-4ca70d5a7d85", "id": "term/108"}
{"classification": "general election", "name": "United States Senate elections, 2004", "end_date": "2004-11-02", "identifiers": [{"scheme": "wikidata", "identifier": "Q1726284"}], "id": "Q1726284", "start_date": "2004-11-02"}
{"classification": "legislative period", "name": "109th Congress", "end_date": "2007-01-03", "identifiers": [{"scheme": "wikidata", "identifier": "Q168778"}], "start_date": "2005-01-06", "organization_id": "8fa6c3d2-71dc-4788-b9f8-4ca70d5a7d85", "id": "term/109"}
{"classification": "general election", "name": "United States Senate elections, 2006", "end_date": "2006-11-07", "identifiers": [{"scheme": "wikidata", "identifier": "Q1507288"}], "id": "Q1507288", "start_date": "2006-11-07"}
{"classification": "legislative period", "name": "110th Congress", "end_date": "2009-01-03", "identifiers": [{"scheme": "wikidata", "identifier": "Q170018"}], "start_date": "2007-01-06", "organization_id": "8fa6c3d2-71dc-4788-b9f8-4ca70d5a7d85", "id": "term/110"}
{"classification": "general election", "name": "United States Senate elections, 2008", "end_date": "2008-11-04", "identifiers": [{"scheme": "wikidata", "identifier": "Q2647277"}], "id": "Q2647277", "start_date": "2008-11-04"}
{"classification": "legislative period", "name": "111th Congress", "end_date": "2011-01-03", "identifiers": [{"scheme": "wikidata", "identifier": "Q170375"}], "start_date": "2009-01-06", "organization_id": "8fa6c3d2-71dc-4788-b9f8-4ca70d5a7d85", "id": "term/111"}
{"classification": "general election", "name": "United States Senate elections, 2010", "end_date": "2010-11-02", "identifiers": [{"scheme": "wikidata", "identifier": "Q2095038"}], "id": "Q2095038", "start_date": "2010-11-02"}
{"classification": "legislative period", "name": "112th Congress", "end_date": "2013-01-03", "identifiers": [{"scheme": "wikidata", "identifier": "Q170447"}], "start_date": "2011-01-06", "organization_id": "8fa6c3d2-71dc-4788-b9f8-4ca70d5a7d85", "id": "term/112"}
{"classification": "general election", "name": "United States Senate elections, 2012", "end_date": "2012-11-06", "identifiers": [{"scheme": "wikidata", "identifier": "Q565576"}], "id": "Q565576", "start_date": "2012-11-06"}
{"classification": "legislative period", "name": "113th Congress", "end_date": "2015-01-03", "identifiers": [{"scheme": "wikidata", "identifier": "Q71871"}], "start_date": "2013-01-06", "organization_id": "8fa6c3d2-71dc-4788-b9f8-4ca70d5a7d85", "id": "term/113"}
{"classification": "general election", "name": "United States Senate elections, 2014", "end_date": "2014-11-04", "identifiers": [{"scheme": "wikidata", "identifier": "Q1528150"}], "id": "Q1528150", "start_date": "2014-11-04"}
{"classification": "legislative period", "name": "114th Congress", "end_date": "2017-01-03", "identifiers": [{"scheme": "wikidata", "identifier": "Q16146771"}], "start_date": "2015-01-06", "organization_id": "8fa6c3d2-71dc-4788-b9f8-4ca70d5a7d85", "id": "term/114"}
{"classification": "general election", "name": "United States Senate elections, 2016", "end_date": "2016-11-08", "identifiers": [{"scheme": "wikidata", "identifier": "Q7892139"}], "id": "Q7892139", "start_date": "2016-11-08"}
{"classification": "legislative period", "name": "115th Congress", "end_date": "2019-01-03", "identifiers": [{"scheme": "wikidata", "identifier": "Q18740945"}], "start_date": "2017-01-03", "organization_id": "8fa6c3d2-71dc-4788-b9f8-4ca70d5a7d85", "id": "term/115"}
{"classification": "general election", "name": "United States Senate elections, 2018", "end_date": "2018", "identifiers": [{"scheme": "wikidata", "identifier": "Q7892140"}], "id": "Q7892140", "start_date": "2018"}
{"classification": "general election", "name": "United States Senate elections, 2020", "end_date": "2020", "identifiers": [{"scheme": "wikidata", "identifier": "Q19863352"}], "id": "Q19863352", "start_date": "2020"}
