product_id,product_name,category,list_price
0,Digitized mobile monitoring,Toys & Games,54.29
1,Cross-group global process improvement,Electronics,112.83
2,Team-oriented bifurcated challenge,Toys & Games,53.78
3,Polarized responsive methodology,Home & Garden,203.49
4,Advanced multi-state definition,Home & Garden,239.59
5,Future-proofed needs-based capacity,Home & Garden,656.12
6,Extended cohesive access,Home & Garden,737.92
7,Up-sized mission-critical benchmark,Toys & Games,770.67
8,Quality-focused full-range emulation,Home & Garden,173.89
9,Open-architected intangible product,Electronics,967.94
10,Versatile intangible matrices,Electronics,750.53
11,Fundamental coherent data-warehouse,Toys & Games,797.8
12,Digitized full-range capability,Electronics,243.38
13,Stand-alone local challenge,Home & Garden,623.41
14,Advanced background focus group,Books,666.49
15,Robust value-added definition,Home & Garden,923.8
16,Compatible value-added initiative,Clothing,428.51
17,Innovative radical portal,Home & Garden,664.53
18,Triple-buffered even-keeled adapter,Clothing,608.58
19,Enterprise-wide motivating ability,Toys & Games,907.85
20,Proactive transitional software,Toys & Games,440.87
21,Decentralized incremental firmware,Clothing,825.53
22,Devolved context-sensitive hardware,Books,547.99
23,Organized asynchronous installation,Electronics,789.89
24,Self-enabling methodical methodology,Books,815.39
25,Adaptive secondary project,Books,941.43
26,Implemented tertiary Local Area Network,Books,798.09
27,Intuitive non-volatile core,Electronics,904.26
28,Diverse actuating open system,Books,546.45
29,Open-source local emulation,Books,358.25
30,Customizable uniform firmware,Home & Garden,131.77
31,Horizontal empowering orchestration,Books,771.43
32,Networked holistic service-desk,Toys & Games,475.08
33,Down-sized exuding firmware,Toys & Games,481.01
34,Pre-emptive object-oriented algorithm,Books,827.86
35,Reverse-engineered methodical alliance,Clothing,291.74
36,Streamlined full-range initiative,Toys & Games,260.95
37,Synergized optimizing knowledge user,Clothing,948.52
38,Virtual fault-tolerant attitude,Books,456.88
39,Polarized coherent utilization,Home & Garden,177.33
40,Intuitive optimal capacity,Books,578.34
41,Progressive empowering Local Area Network,Books,519.51
42,Front-line well-modulated flexibility,Home & Garden,153.94
43,Polarized transitional function,Books,87.58
44,Fully-configurable client-server Local Area Network,Home & Garden,478.61
45,Enhanced interactive archive,Home & Garden,717.68
46,Cross-group exuding projection,Electronics,763.68
47,Operative non-volatile access,Home & Garden,910.56
48,Multi-channeled mission-critical moderator,Books,584.16
49,Quality-focused motivating hierarchy,Toys & Games,854.08
